创建云主机,创建云盘备份,创建云主机memory随机,扩容云主机,卸载数据云盘,创建云主机网络随机,删除数据云盘,添加镜像,删除云盘备份,删除镜像,彻底删除镜像,创建云盘备份,重启云主机,扩容云主机,创建数据云盘容量随机,删除数据云盘,彻底删除云主机,添加镜像,彻底删除数据云盘,创建云主机,创建整机备份,迁移云主机,恢复镜像,删除云盘备份,添加镜像,加载数据云盘
创建云主机,创建整机备份,启动云主机,扩容数据云盘,创建数据云盘容量随机,创建云主机网络随机,创建数据云盘厚制备,添加镜像,删除整机备份,恢复镜像,彻底删除镜像,创建整机备份,创建云主机带云盘,迁移云主机,加载数据云盘,创建数据云盘精简制备,创建云主机cpu随机,添加镜像,彻底删除数据云盘,重启云主机,创建云盘备份,创建云主机镜像,删除镜像,恢复云盘备份,添加镜像,卸载数据云盘
删除云主机,创建整机备份,彻底删除云主机,迁移云主机,创建数据云盘,加载数据云盘,创建云主机网络随机,恢复数据云盘,添加镜像,恢复整机备份,删除镜像,彻底删除镜像,创建整机备份,更换云主机高可用,扩容数据云盘,创建数据云盘,加载数据云盘,恢复数据云盘,创建云主机memory随机,添加镜像,彻底删除数据云盘,创建云主机带云盘,创建云盘备份,扩容云主机,恢复镜像,删除整机备份,添加镜像,创建数据云盘容量随机
重启云主机,创建云盘备份,启动云主机,创建云主机镜像,加载数据云盘,创建云主机网络随机,创建数据云盘精简制备,添加镜像,恢复云盘备份,恢复镜像,彻底删除镜像,创建云盘备份,创建云主机从iso,创建云主机镜像,卸载数据云盘,创建数据云盘厚制备,启动云主机,添加镜像,彻底删除数据云盘,删除云主机,创建整机备份,扩容数据云盘,删除镜像,恢复整机备份,添加镜像,创建数据云盘,加载数据云盘
重启云主机,创建云盘备份,创建云主机cpu随机,扩容数据云盘,创建数据云盘,加载数据云盘,创建云主机网络随机,创建数据云盘精简制备,添加镜像,删除整机备份,删除镜像,彻底删除镜像,创建云盘备份,创建云主机,创建云主机镜像,加载数据云盘,恢复数据云盘,停止云主机,添加镜像,彻底删除数据云盘,更换云主机高可用,创建整机备份,创建云主机镜像,恢复镜像,删除云盘备份,添加镜像,卸载数据云盘
创建云主机从iso,创建整机备份,创建云主机精简制备,扩容云主机,加载数据云盘,创建云主机网络随机,删除数据云盘,添加镜像,恢复云盘备份,恢复镜像,彻底删除镜像,创建整机备份,更换云主机高可用,扩容数据云盘,创建数据云盘,加载数据云盘,删除数据云盘,创建云主机厚制备,添加镜像,彻底删除数据云盘,创建云主机从iso,创建云盘备份,迁移云主机,删除镜像,删除云盘备份,添加镜像,创建数据云盘,加载数据云盘
创建云主机带云盘,创建云盘备份,停止云主机,迁移云主机,创建数据云盘容量随机,创建云主机网络随机,创建数据云盘厚制备,添加镜像,删除云盘备份,删除镜像,彻底删除镜像,创建整机备份,恢复云主机,迁移云主机,卸载数据云盘,创建数据云盘厚制备,创建云主机厚制备,添加镜像,彻底删除数据云盘,重启云主机,创建云盘备份,扩容数据云盘,恢复镜像,恢复整机备份,添加镜像,加载数据云盘
更换云主机高可用,创建整机备份,创建云主机cpu随机,创建云主机镜像,卸载数据云盘,创建云主机网络随机,恢复数据云盘,添加镜像,恢复整机备份,恢复镜像,彻底删除镜像,创建云盘备份,删除云主机,扩容云主机,创建数据云盘容量随机,创建数据云盘精简制备,创建云主机厚制备,添加镜像,彻底删除数据云盘,恢复云主机,创建整机备份,扩容云主机,删除镜像,恢复云盘备份,添加镜像,创建数据云盘容量随机
恢复云主机,创建整机备份,创建云主机memory随机,迁移云主机,创建数据云盘,加载数据云盘,创建云主机网络随机,创建数据云盘厚制备,添加镜像,恢复云盘备份,删除镜像,彻底删除镜像,创建整机备份,重启云主机,扩容云主机,创建数据云盘容量随机,创建数据云盘精简制备,创建云主机精简制备,添加镜像,彻底删除数据云盘,更换云主机高可用,创建云盘备份,扩容数据云盘,删除镜像,恢复云盘备份,添加镜像,创建数据云盘,加载数据云盘
恢复云主机,创建整机备份,启动云主机,扩容云主机,创建数据云盘容量随机,创建云主机网络随机,创建数据云盘精简制备,添加镜像,删除云盘备份,恢复镜像,彻底删除镜像,创建云盘备份,创建云主机,创建云主机镜像,卸载数据云盘,恢复数据云盘,创建云主机精简制备,添加镜像,彻底删除数据云盘,创建云主机带云盘,创建整机备份,扩容云主机,删除镜像,删除整机备份,添加镜像,加载数据云盘
创建云主机从iso,创建云盘备份,停止云主机,扩容数据云盘,卸载数据云盘,创建云主机网络随机,恢复数据云盘,添加镜像,删除整机备份,恢复镜像,彻底删除镜像,创建云盘备份,重启云主机,扩容数据云盘,创建数据云盘,加载数据云盘,创建数据云盘厚制备,启动云主机,添加镜像,彻底删除数据云盘,创建云主机从iso,创建整机备份,创建云主机镜像,恢复镜像,恢复整机备份,添加镜像,创建数据云盘容量随机
更换云主机高可用,创建云盘备份,创建云主机精简制备,创建云主机镜像,加载数据云盘,创建云主机网络随机,删除数据云盘,添加镜像,恢复整机备份,删除镜像,彻底删除镜像,创建云盘备份,重启云主机,迁移云主机,加载数据云盘,删除数据云盘,创建云主机cpu随机,添加镜像,彻底删除数据云盘,恢复云主机,创建云盘备份,创建云主机镜像,恢复镜像,删除整机备份,添加镜像,卸载数据云盘
删除云主机,创建云盘备份,创建云主机厚制备,创建云主机镜像,创建数据云盘容量随机,创建云主机网络随机,删除数据云盘,添加镜像,删除云盘备份,删除镜像,彻底删除镜像,创建整机备份,创建云主机从iso,创建云主机镜像,创建数据云盘,加载数据云盘,创建数据云盘精简制备,停止云主机,添加镜像,彻底删除数据云盘,删除云主机,创建云盘备份,迁移云主机,恢复镜像,恢复云盘备份,添加镜像,加载数据云盘
恢复云主机,创建云盘备份,创建云主机厚制备,迁移云主机,创建数据云盘,加载数据云盘,创建云主机网络随机,删除数据云盘,添加镜像,删除整机备份,恢复镜像,彻底删除镜像,创建整机备份,创建云主机带云盘,迁移云主机,卸载数据云盘,删除数据云盘,创建云主机memory随机,添加镜像,彻底删除数据云盘,恢复云主机,创建整机备份,迁移云主机,恢复镜像,恢复整机备份,添加镜像,创建数据云盘,加载数据云盘
重启云主机,创建整机备份,彻底删除云主机,扩容数据云盘,卸载数据云盘,创建云主机网络随机,创建数据云盘精简制备,添加镜像,恢复整机备份,恢复镜像,彻底删除镜像,创建整机备份,恢复云主机,迁移云主机,卸载数据云盘,创建数据云盘精简制备,彻底删除云主机,添加镜像,彻底删除数据云盘,创建云主机,创建云盘备份,扩容数据云盘,删除镜像,删除整机备份,添加镜像,创建数据云盘容量随机
创建云主机从iso,创建云盘备份,彻底删除云主机,扩容云主机,加载数据云盘,创建云主机网络随机,创建数据云盘厚制备,添加镜像,恢复整机备份,删除镜像,彻底删除镜像,创建整机备份,删除云主机,扩容云主机,创建数据云盘容量随机,创建数据云盘厚制备,停止云主机,添加镜像,彻底删除数据云盘,创建云主机带云盘,创建整机备份,扩容云主机,删除镜像,恢复整机备份,添加镜像,卸载数据云盘
更换云主机高可用,创建整机备份,创建云主机memory随机,扩容数据云盘,创建数据云盘容量随机,创建云主机网络随机,恢复数据云盘,添加镜像,恢复云盘备份,恢复镜像,彻底删除镜像,创建云盘备份,更换云主机高可用,扩容云主机,加载数据云盘,创建数据云盘厚制备,创建云主机memory随机,添加镜像,彻底删除数据云盘,更换云主机高可用,创建整机备份,创建云主机镜像,恢复镜像,恢复整机备份,添加镜像,加载数据云盘
删除云主机,创建整机备份,创建云主机厚制备,扩容云主机,加载数据云盘,创建云主机网络随机,创建数据云盘厚制备,添加镜像,恢复云盘备份,恢复镜像,彻底删除镜像,创建云盘备份,恢复云主机,迁移云主机,创建数据云盘,加载数据云盘,删除数据云盘,创建云主机精简制备,添加镜像,彻底删除数据云盘,更换云主机高可用,创建整机备份,扩容云主机,删除镜像,删除云盘备份,添加镜像,创建数据云盘容量随机
创建云主机带云盘,创建整机备份,彻底删除云主机,扩容数据云盘,创建数据云盘容量随机,创建云主机网络随机,删除数据云盘,添加镜像,删除云盘备份,恢复镜像,彻底删除镜像,创建整机备份,删除云主机,扩容数据云盘,加载数据云盘,删除数据云盘,启动云主机,添加镜像,彻底删除数据云盘,更换云主机高可用,创建云盘备份,迁移云主机,恢复镜像,删除整机备份,添加镜像,创建数据云盘,加载数据云盘
创建云主机带云盘,创建整机备份,停止云主机,扩容云主机,卸载数据云盘,创建云主机网络随机,恢复数据云盘,添加镜像,删除云盘备份,删除镜像,彻底删除镜像,创建云盘备份,创建云主机从iso,创建云主机镜像,创建数据云盘容量随机,恢复数据云盘,创建云主机memory随机,添加镜像,彻底删除数据云盘,重启云主机,创建整机备份,迁移云主机,删除镜像,删除云盘备份,添加镜像,卸载数据云盘
创建云主机带云盘,创建整机备份,启动云主机,扩容云主机,创建数据云盘,加载数据云盘,创建云主机网络随机,创建数据云盘精简制备,添加镜像,删除云盘备份,删除镜像,彻底删除镜像,创建云盘备份,创建云主机带云盘,扩容数据云盘,创建数据云盘,加载数据云盘,创建数据云盘厚制备,创建云主机cpu随机,添加镜像,彻底删除数据云盘,恢复云主机,创建整机备份,扩容数据云盘,恢复镜像,删除云盘备份,添加镜像,创建数据云盘容量随机
创建云主机,创建整机备份,创建云主机厚制备,迁移云主机,加载数据云盘,创建云主机网络随机,创建数据云盘精简制备,添加镜像,恢复整机备份,删除镜像,彻底删除镜像,创建整机备份,创建云主机,扩容数据云盘,创建数据云盘容量随机,恢复数据云盘,启动云主机,添加镜像,彻底删除数据云盘,重启云主机,创建云盘备份,扩容数据云盘,删除镜像,恢复云盘备份,添加镜像,加载数据云盘
创建云主机,创建整机备份,创建云主机精简制备,创建云主机镜像,创建数据云盘,加载数据云盘,创建云主机网络随机,恢复数据云盘,添加镜像,删除整机备份,删除镜像,彻底删除镜像,创建云盘备份,创建云主机从iso,扩容云主机,创建数据云盘容量随机,创建数据云盘厚制备,彻底删除云主机,添加镜像,彻底删除数据云盘,创建云主机带云盘,创建整机备份,扩容云主机,恢复镜像,删除整机备份,添加镜像,创建数据云盘,加载数据云盘
删除云主机,创建云盘备份,创建云主机cpu随机,迁移云主机,卸载数据云盘,创建云主机网络随机,恢复数据云盘,添加镜像,恢复云盘备份,恢复镜像,彻底删除镜像,创建云盘备份,创建云主机,扩容数据云盘,加载数据云盘,创建数据云盘厚制备,创建云主机精简制备,添加镜像,彻底删除数据云盘,创建云主机,创建云盘备份,扩容数据云盘,恢复镜像,恢复整机备份,添加镜像,卸载数据云盘
创建云主机带云盘,创建整机备份,创建云主机精简制备,迁移云主机,创建数据云盘容量随机,创建云主机网络随机,创建数据云盘厚制备,添加镜像,恢复云盘备份,删除镜像,彻底删除镜像,创建整机备份,删除云主机,创建云主机镜像,卸载数据云盘,恢复数据云盘,彻底删除云主机,添加镜像,彻底删除数据云盘,创建云主机从iso,创建整机备份,创建云主机镜像,删除镜像,恢复云盘备份,添加镜像,卸载数据云盘
更换云主机高可用,创建整机备份,创建云主机memory随机,创建云主机镜像,创建数据云盘,加载数据云盘,创建云主机网络随机,创建数据云盘厚制备,添加镜像,删除整机备份,删除镜像,彻底删除镜像,创建整机备份,恢复云主机,扩容数据云盘,加载数据云盘,恢复数据云盘,创建云主机厚制备,添加镜像,彻底删除数据云盘,删除云主机,创建云盘备份,创建云主机镜像,删除镜像,删除整机备份,添加镜像,卸载数据云盘
创建云主机从iso,创建整机备份,创建云主机cpu随机,扩容云主机,加载数据云盘,创建云主机网络随机,恢复数据云盘,添加镜像,删除整机备份,恢复镜像,彻底删除镜像,创建云盘备份,恢复云主机,迁移云主机,创建数据云盘容量随机,恢复数据云盘,创建云主机cpu随机,添加镜像,彻底删除数据云盘,创建云主机,创建云盘备份,创建云主机镜像,删除镜像,恢复云盘备份,添加镜像,创建数据云盘,加载数据云盘
恢复云主机,创建云盘备份,创建云主机cpu随机,扩容数据云盘,创建数据云盘容量随机,创建云主机网络随机,创建数据云盘厚制备,添加镜像,删除整机备份,删除镜像,彻底删除镜像,创建整机备份,更换云主机高可用,扩容数据云盘,卸载数据云盘,创建数据云盘精简制备,启动云主机,添加镜像,彻底删除数据云盘,删除云主机,创建云盘备份,扩容云主机,删除镜像,删除云盘备份,添加镜像,加载数据云盘
恢复云主机,创建整机备份,启动云主机,迁移云主机,卸载数据云盘,创建云主机网络随机,恢复数据云盘,添加镜像,恢复整机备份,恢复镜像,彻底删除镜像,创建整机备份,创建云主机从iso,创建云主机镜像,卸载数据云盘,删除数据云盘,停止云主机,添加镜像,彻底删除数据云盘,更换云主机高可用,创建云盘备份,迁移云主机,删除镜像,恢复整机备份,添加镜像,创建数据云盘容量随机
创建云主机从iso,创建云盘备份,启动云主机,创建云主机镜像,创建数据云盘,加载数据云盘,创建云主机网络随机,创建数据云盘精简制备,添加镜像,删除整机备份,恢复镜像,彻底删除镜像,创建整机备份,删除云主机,扩容云主机,创建数据云盘,加载数据云盘,创建数据云盘精简制备,创建云主机memory随机,添加镜像,彻底删除数据云盘,创建云主机,创建整机备份,扩容数据云盘,删除镜像,恢复整机备份,添加镜像,加载数据云盘
重启云主机,创建云盘备份,停止云主机,创建云主机镜像,加载数据云盘,创建云主机网络随机,恢复数据云盘,添加镜像,恢复云盘备份,删除镜像,彻底删除镜像,创建云盘备份,创建云主机带云盘,扩容云主机,创建数据云盘容量随机,创建数据云盘精简制备,创建云主机cpu随机,添加镜像,彻底删除数据云盘,创建云主机从iso,创建整机备份,扩容云主机,删除镜像,删除整机备份,添加镜像,加载数据云盘
恢复云主机,创建云盘备份,停止云主机,创建云主机镜像,创建数据云盘容量随机,创建云主机网络随机,删除数据云盘,添加镜像,恢复整机备份,恢复镜像,彻底删除镜像,创建云盘备份,创建云主机,创建云主机镜像,创建数据云盘,加载数据云盘,创建数据云盘厚制备,创建云主机厚制备,添加镜像,彻底删除数据云盘,创建云主机,创建整机备份,扩容云主机,删除镜像,恢复云盘备份,添加镜像,卸载数据云盘
创建云主机从iso,创建整机备份,创建云主机精简制备,扩容数据云盘,卸载数据云盘,创建云主机网络随机,删除数据云盘,添加镜像,删除云盘备份,恢复镜像,彻底删除镜像,创建整机备份,创建云主机带云盘,创建云主机镜像,加载数据云盘,恢复数据云盘,停止云主机,添加镜像,彻底删除数据云盘,创建云主机,创建整机备份,扩容数据云盘,删除镜像,恢复整机备份,添加镜像,创建数据云盘容量随机
恢复云主机,创建云盘备份,停止云主机,创建云主机镜像,卸载数据云盘,创建云主机网络随机,创建数据云盘精简制备,添加镜像,恢复云盘备份,恢复镜像,彻底删除镜像,创建云盘备份,更换云主机高可用,迁移云主机,加载数据云盘,删除数据云盘,停止云主机,添加镜像,彻底删除数据云盘,重启云主机,创建云盘备份,扩容云主机,恢复镜像,删除整机备份,添加镜像,创建数据云盘,加载数据云盘
重启云主机,创建整机备份,创建云主机cpu随机,迁移云主机,加载数据云盘,创建云主机网络随机,删除数据云盘,添加镜像,删除云盘备份,恢复镜像,彻底删除镜像,创建整机备份,创建云主机,扩容云主机,创建数据云盘,加载数据云盘,删除数据云盘,彻底删除云主机,添加镜像,彻底删除数据云盘,重启云主机,创建云盘备份,迁移云主机,恢复镜像,删除整机备份,添加镜像,创建数据云盘容量随机
创建云主机带云盘,创建云盘备份,创建云主机memory随机,创建云主机镜像,加载数据云盘,创建云主机网络随机,创建数据云盘厚制备,添加镜像,恢复整机备份,恢复镜像,彻底删除镜像,创建云盘备份,创建云主机,迁移云主机,卸载数据云盘,删除数据云盘,创建云主机memory随机,添加镜像,彻底删除数据云盘,创建云主机从iso,创建云盘备份,扩容云主机,恢复镜像,恢复云盘备份,添加镜像,创建数据云盘容量随机
创建云主机带云盘,创建云盘备份,彻底删除云主机,创建云主机镜像,创建数据云盘容量随机,创建云主机网络随机,创建数据云盘厚制备,添加镜像,恢复云盘备份,恢复镜像,彻底删除镜像,创建云盘备份,更换云主机高可用,创建云主机镜像,创建数据云盘容量随机,创建数据云盘精简制备,停止云主机,添加镜像,彻底删除数据云盘,恢复云主机,创建整机备份,迁移云主机,删除镜像,删除云盘备份,添加镜像,加载数据云盘
更换云主机高可用,创建整机备份,停止云主机,迁移云主机,创建数据云盘,加载数据云盘,创建云主机网络随机,创建数据云盘精简制备,添加镜像,恢复整机备份,删除镜像,彻底删除镜像,创建云盘备份,删除云主机,创建云主机镜像,卸载数据云盘,创建数据云盘精简制备,创建云主机精简制备,添加镜像,彻底删除数据云盘,重启云主机,创建整机备份,迁移云主机,恢复镜像,删除云盘备份,添加镜像,创建数据云盘,加载数据云盘
创建云主机从iso,创建云盘备份,彻底删除云主机,迁移云主机,创建数据云盘容量随机,创建云主机网络随机,创建数据云盘精简制备,添加镜像,删除整机备份,恢复镜像,彻底删除镜像,创建整机备份,重启云主机,扩容云主机,卸载数据云盘,删除数据云盘,创建云主机精简制备,添加镜像,彻底删除数据云盘,删除云主机,创建云盘备份,创建云主机镜像,删除镜像,删除整机备份,添加镜像,创建数据云盘容量随机
创建云主机,创建整机备份,彻底删除云主机,扩容数据云盘,创建数据云盘,加载数据云盘,创建云主机网络随机,创建数据云盘精简制备,添加镜像,删除云盘备份,删除镜像,彻底删除镜像,创建整机备份,创建云主机从iso,扩容云主机,加载数据云盘,恢复数据云盘,创建云主机厚制备,添加镜像,彻底删除数据云盘,创建云主机从iso,创建整机备份,创建云主机镜像,恢复镜像,恢复云盘备份,添加镜像,创建数据云盘容量随机
创建云主机带云盘,创建云盘备份,创建云主机厚制备,扩容数据云盘,卸载数据云盘,创建云主机网络随机,删除数据云盘,添加镜像,删除云盘备份,恢复镜像,彻底删除镜像,创建整机备份,更换云主机高可用,扩容云主机,加载数据云盘,创建数据云盘精简制备,创建云主机cpu随机,添加镜像,彻底删除数据云盘,创建云主机带云盘,创建云盘备份,扩容数据云盘,删除镜像,删除整机备份,添加镜像,卸载数据云盘
创建云主机带云盘,创建整机备份,创建云主机精简制备,扩容云主机,卸载数据云盘,创建云主机网络随机,恢复数据云盘,添加镜像,恢复整机备份,删除镜像,彻底删除镜像,创建云盘备份,创建云主机带云盘,迁移云主机,创建数据云盘容量随机,创建数据云盘精简制备,彻底删除云主机,添加镜像,彻底删除数据云盘,删除云主机,创建整机备份,创建云主机镜像,删除镜像,恢复整机备份,添加镜像,卸载数据云盘
删除云主机,创建整机备份,启动云主机,扩容数据云盘,创建数据云盘容量随机,创建云主机网络随机,创建数据云盘精简制备,添加镜像,恢复云盘备份,删除镜像,彻底删除镜像,创建云盘备份,重启云主机,扩容云主机,创建数据云盘容量随机,恢复数据云盘,创建云主机厚制备,添加镜像,彻底删除数据云盘,创建云主机带云盘,创建整机备份,创建云主机镜像,恢复镜像,删除云盘备份,添加镜像,创建数据云盘,加载数据云盘
更换云主机高可用,创建整机备份,创建云主机memory随机,扩容云主机,创建数据云盘,加载数据云盘,创建云主机网络随机,创建数据云盘精简制备,添加镜像,删除云盘备份,删除镜像,彻底删除镜像,创建云盘备份,创建云主机带云盘,迁移云主机,创建数据云盘,加载数据云盘,删除数据云盘,启动云主机,添加镜像,彻底删除数据云盘,创建云主机带云盘,创建整机备份,扩容数据云盘,删除镜像,恢复云盘备份,添加镜像,卸载数据云盘
删除云主机,创建整机备份,创建云主机memory随机,迁移云主机,卸载数据云盘,创建云主机网络随机,创建数据云盘厚制备,添加镜像,删除整机备份,删除镜像,彻底删除镜像,创建云盘备份,创建云主机从iso,创建云主机镜像,卸载数据云盘,恢复数据云盘,创建云主机cpu随机,添加镜像,彻底删除数据云盘,恢复云主机,创建整机备份,迁移云主机,删除镜像,恢复云盘备份,添加镜像,创建数据云盘,加载数据云盘
重启云主机,创建整机备份,创建云主机精简制备,扩容数据云盘,创建数据云盘容量随机,创建云主机网络随机,创建数据云盘厚制备,添加镜像,删除整机备份,删除镜像,彻底删除镜像,创建整机备份,创建云主机,扩容数据云盘,创建数据云盘,加载数据云盘,创建数据云盘精简制备,创建云主机精简制备,添加镜像,彻底删除数据云盘,恢复云主机,创建云盘备份,扩容云主机,恢复镜像,恢复云盘备份,添加镜像,加载数据云盘
创建云主机,创建云盘备份,创建云主机精简制备,扩容云主机,创建数据云盘,加载数据云盘,创建云主机网络随机,删除数据云盘,添加镜像,恢复云盘备份,恢复镜像,彻底删除镜像,创建云盘备份,恢复云主机,创建云主机镜像,卸载数据云盘,创建数据云盘厚制备,创建云主机memory随机,添加镜像,彻底删除数据云盘,恢复云主机,创建整机备份,迁移云主机,恢复镜像,恢复整机备份,添加镜像,卸载数据云盘
创建云主机,创建云盘备份,启动云主机,创建云主机镜像,创建数据云盘,加载数据云盘,创建云主机网络随机,删除数据云盘,添加镜像,恢复云盘备份,删除镜像,彻底删除镜像,创建云盘备份,更换云主机高可用,扩容数据云盘,创建数据云盘,加载数据云盘,创建数据云盘厚制备,彻底删除云主机,添加镜像,彻底删除数据云盘,更换云主机高可用,创建云盘备份,扩容数据云盘,删除镜像,恢复云盘备份,添加镜像,加载数据云盘
重启云主机,创建云盘备份,创建云主机memory随机,扩容云主机,创建数据云盘,加载数据云盘,创建云主机网络随机,创建数据云盘精简制备,添加镜像,恢复整机备份,删除镜像,彻底删除镜像,创建云盘备份,删除云主机,迁移云主机,加载数据云盘,删除数据云盘,创建云主机cpu随机,添加镜像,彻底删除数据云盘,创建云主机带云盘,创建云盘备份,迁移云主机,恢复镜像,恢复整机备份,添加镜像,创建数据云盘,加载数据云盘
更换云主机高可用,创建整机备份,停止云主机,扩容数据云盘,加载数据云盘,创建云主机网络随机,创建数据云盘精简制备,添加镜像,删除整机备份,恢复镜像,彻底删除镜像,创建整机备份,创建云主机,扩容数据云盘,加载数据云盘,创建数据云盘厚制备,彻底删除云主机,添加镜像,彻底删除数据云盘,删除云主机,创建云盘备份,扩容云主机,恢复镜像,恢复整机备份,添加镜像,创建数据云盘,加载数据云盘
删除云主机,创建整机备份,创建云主机精简制备,扩容数据云盘,创建数据云盘容量随机,创建云主机网络随机,创建数据云盘精简制备,添加镜像,删除云盘备份,删除镜像,彻底删除镜像,创建云盘备份,创建云主机带云盘,扩容云主机,创建数据云盘,加载数据云盘,恢复数据云盘,启动云主机,添加镜像,彻底删除数据云盘,重启云主机,创建云盘备份,迁移云主机,删除镜像,恢复云盘备份,添加镜像,卸载数据云盘
恢复云主机,创建云盘备份,创建云主机精简制备,创建云主机镜像,加载数据云盘,创建云主机网络随机,删除数据云盘,添加镜像,删除整机备份,删除镜像,彻底删除镜像,创建整机备份,恢复云主机,扩容云主机,卸载数据云盘,删除数据云盘,创建云主机精简制备,添加镜像,彻底删除数据云盘,创建云主机从iso,创建云盘备份,创建云主机镜像,恢复镜像,恢复整机备份,添加镜像,创建数据云盘容量随机
创建云主机从iso,创建云盘备份,停止云主机,迁移云主机,创建数据云盘容量随机,创建云主机网络随机,创建数据云盘精简制备,添加镜像,删除整机备份,恢复镜像,彻底删除镜像,创建云盘备份,创建云主机,创建云主机镜像,创建数据云盘容量随机,删除数据云盘,创建云主机cpu随机,添加镜像,彻底删除数据云盘,更换云主机高可用,创建整机备份,扩容数据云盘,删除镜像,恢复云盘备份,添加镜像,加载数据云盘
创建云主机从iso,创建云盘备份,创建云主机memory随机,扩容数据云盘,加载数据云盘,创建云主机网络随机,创建数据云盘精简制备,添加镜像,恢复云盘备份,恢复镜像,彻底删除镜像,创建整机备份,重启云主机,扩容数据云盘,创建数据云盘容量随机,删除数据云盘,停止云主机,添加镜像,彻底删除数据云盘,重启云主机,创建整机备份,扩容云主机,删除镜像,删除整机备份,添加镜像,创建数据云盘,加载数据云盘
重启云主机,创建云盘备份,创建云主机厚制备,创建云主机镜像,加载数据云盘,创建云主机网络随机,恢复数据云盘,添加镜像,删除云盘备份,恢复镜像,彻底删除镜像,创建整机备份,重启云主机,创建云主机镜像,加载数据云盘,创建数据云盘厚制备,创建云主机memory随机,添加镜像,彻底删除数据云盘,删除云主机,创建整机备份,创建云主机镜像,删除镜像,恢复整机备份,添加镜像,卸载数据云盘
恢复云主机,创建整机备份,创建云主机厚制备,扩容数据云盘,创建数据云盘,加载数据云盘,创建云主机网络随机,删除数据云盘,添加镜像,删除整机备份,删除镜像,彻底删除镜像,创建云盘备份,删除云主机,扩容云主机,卸载数据云盘,创建数据云盘精简制备,彻底删除云主机,添加镜像,彻底删除数据云盘,恢复云主机,创建云盘备份,迁移云主机,恢复镜像,恢复整机备份,添加镜像,卸载数据云盘
创建云主机从iso,创建云盘备份,创建云主机厚制备,扩容云主机,创建数据云盘容量随机,创建云主机网络随机,创建数据云盘厚制备,添加镜像,删除整机备份,删除镜像,彻底删除镜像,创建整机备份,创建云主机从iso,迁移云主机,创建数据云盘,加载数据云盘,创建数据云盘精简制备,启动云主机,添加镜像,彻底删除数据云盘,创建云主机,创建整机备份,扩容云主机,恢复镜像,删除云盘备份,添加镜像,加载数据云盘
更换云主机高可用,创建云盘备份,彻底删除云主机,创建云主机镜像,创建数据云盘,加载数据云盘,创建云主机网络随机,创建数据云盘厚制备,添加镜像,恢复整机备份,删除镜像,彻底删除镜像,创建云盘备份,恢复云主机,扩容云主机,创建数据云盘,加载数据云盘,恢复数据云盘,停止云主机,添加镜像,彻底删除数据云盘,创建云主机,创建整机备份,迁移云主机,删除镜像,删除整机备份,添加镜像,创建数据云盘,加载数据云盘
创建云主机带云盘,创建整机备份,停止云主机,迁移云主机,卸载数据云盘,创建云主机网络随机,创建数据云盘精简制备,添加镜像,删除整机备份,恢复镜像,彻底删除镜像,创建云盘备份,恢复云主机,扩容云主机,卸载数据云盘,恢复数据云盘,启动云主机,添加镜像,彻底删除数据云盘,恢复云主机,创建整机备份,扩容数据云盘,删除镜像,恢复整机备份,添加镜像,卸载数据云盘
重启云主机,创建整机备份,创建云主机精简制备,迁移云主机,创建数据云盘,加载数据云盘,创建云主机网络随机,恢复数据云盘,添加镜像,删除整机备份,恢复镜像,彻底删除镜像,创建云盘备份,创建云主机带云盘,扩容数据云盘,创建数据云盘容量随机,创建数据云盘厚制备,创建云主机厚制备,添加镜像,彻底删除数据云盘,更换云主机高可用,创建整机备份,扩容云主机,恢复镜像,恢复整机备份,添加镜像,创建数据云盘容量随机
恢复云主机,创建云盘备份,彻底删除云主机,扩容数据云盘,创建数据云盘容量随机,创建云主机网络随机,删除数据云盘,添加镜像,删除整机备份,恢复镜像,彻底删除镜像,创建云盘备份,创建云主机带云盘,扩容云主机,加载数据云盘,恢复数据云盘,创建云主机cpu随机,添加镜像,彻底删除数据云盘,重启云主机,创建整机备份,扩容云主机,恢复镜像,恢复云盘备份,添加镜像,创建数据云盘,加载数据云盘
创建云主机,创建云盘备份,创建云主机cpu随机,扩容云主机,创建数据云盘容量随机,创建云主机网络随机,恢复数据云盘,添加镜像,删除云盘备份,恢复镜像,彻底删除镜像,创建整机备份,创建云主机从iso,扩容数据云盘,卸载数据云盘,创建数据云盘精简制备,创建云主机精简制备,添加镜像,彻底删除数据云盘,删除云主机,创建整机备份,扩容云主机,恢复镜像,恢复云盘备份,添加镜像,加载数据云盘
更换云主机高可用,创建云盘备份,创建云主机厚制备,扩容云主机,加载数据云盘,创建云主机网络随机,删除数据云盘,添加镜像,恢复整机备份,删除镜像,彻底删除镜像,创建云盘备份,创建云主机从iso,迁移云主机,创建数据云盘,加载数据云盘,恢复数据云盘,创建云主机厚制备,添加镜像,彻底删除数据云盘,创建云主机从iso,创建云盘备份,扩容数据云盘,删除镜像,删除整机备份,添加镜像,创建数据云盘,加载数据云盘
更换云主机高可用,创建整机备份,启动云主机,扩容云主机,卸载数据云盘,创建云主机网络随机,创建数据云盘精简制备,添加镜像,删除云盘备份,删除镜像,彻底删除镜像,创建整机备份,恢复云主机,扩容云主机,加载数据云盘,创建数据云盘精简制备,停止云主机,添加镜像,彻底删除数据云盘,创建云主机从iso,创建云盘备份,创建云主机镜像,删除镜像,恢复云盘备份,添加镜像,创建数据云盘,加载数据云盘
重启云主机,创建整机备份,创建云主机厚制备,创建云主机镜像,创建数据云盘容量随机,创建云主机网络随机,删除数据云盘,添加镜像,恢复云盘备份,恢复镜像,彻底删除镜像,创建整机备份,更换云主机高可用,扩容云主机,创建数据云盘,加载数据云盘,创建数据云盘厚制备,创建云主机精简制备,添加镜像,彻底删除数据云盘,创建云主机,创建云盘备份,扩容数据云盘,删除镜像,恢复整机备份,添加镜像,创建数据云盘,加载数据云盘
删除云主机,创建云盘备份,创建云主机cpu随机,扩容云主机,加载数据云盘,创建云主机网络随机,删除数据云盘,添加镜像,删除整机备份,删除镜像,彻底删除镜像,创建整机备份,删除云主机,扩容数据云盘,卸载数据云盘,创建数据云盘厚制备,彻底删除云主机,添加镜像,彻底删除数据云盘,创建云主机从iso,创建整机备份,扩容云主机,删除镜像,删除整机备份,添加镜像,创建数据云盘容量随机
创建云主机带云盘,创建整机备份,彻底删除云主机,迁移云主机,创建数据云盘,加载数据云盘,创建云主机网络随机,删除数据云盘,添加镜像,删除整机备份,删除镜像,彻底删除镜像,创建整机备份,创建云主机,迁移云主机,加载数据云盘,删除数据云盘,创建云主机精简制备,添加镜像,彻底删除数据云盘,创建云主机,创建云盘备份,迁移云主机,删除镜像,删除云盘备份,添加镜像,加载数据云盘
删除云主机,创建云盘备份,停止云主机,扩容云主机,加载数据云盘,创建云主机网络随机,创建数据云盘厚制备,添加镜像,恢复整机备份,恢复镜像,彻底删除镜像,创建整机备份,恢复云主机,扩容云主机,加载数据云盘,创建数据云盘精简制备,创建云主机精简制备,添加镜像,彻底删除数据云盘,创建云主机带云盘,创建整机备份,扩容数据云盘,恢复镜像,恢复云盘备份,添加镜像,创建数据云盘,加载数据云盘
创建云主机带云盘,创建云盘备份,创建云主机cpu随机,迁移云主机,创建数据云盘容量随机,创建云主机网络随机,创建数据云盘厚制备,添加镜像,删除云盘备份,删除镜像,彻底删除镜像,创建整机备份,重启云主机,创建云主机镜像,创建数据云盘容量随机,创建数据云盘厚制备,创建云主机memory随机,添加镜像,彻底删除数据云盘,创建云主机带云盘,创建整机备份,迁移云主机,恢复镜像,恢复整机备份,添加镜像,卸载数据云盘
创建云主机,创建整机备份,停止云主机,扩容云主机,加载数据云盘,创建云主机网络随机,创建数据云盘精简制备,添加镜像,删除云盘备份,删除镜像,彻底删除镜像,创建整机备份,删除云主机,扩容云主机,加载数据云盘,创建数据云盘精简制备,停止云主机,添加镜像,彻底删除数据云盘,删除云主机,创建整机备份,扩容数据云盘,删除镜像,删除整机备份,添加镜像,卸载数据云盘
创建云主机从iso,创建云盘备份,创建云主机cpu随机,扩容数据云盘,卸载数据云盘,创建云主机网络随机,创建数据云盘精简制备,添加镜像,恢复云盘备份,删除镜像,彻底删除镜像,创建云盘备份,创建云主机带云盘,扩容数据云盘,创建数据云盘,加载数据云盘,删除数据云盘,彻底删除云主机,添加镜像,彻底删除数据云盘,恢复云主机,创建云盘备份,迁移云主机,删除镜像,恢复云盘备份,添加镜像,创建数据云盘,加载数据云盘
创建云主机,创建云盘备份,启动云主机,扩容云主机,卸载数据云盘,创建云主机网络随机,删除数据云盘,添加镜像,删除整机备份,删除镜像,彻底删除镜像,创建云盘备份,创建云主机带云盘,创建云主机镜像,卸载数据云盘,创建数据云盘厚制备,创建云主机精简制备,添加镜像,彻底删除数据云盘,重启云主机,创建云盘备份,扩容数据云盘,恢复镜像,恢复整机备份,添加镜像,加载数据云盘
恢复云主机,创建整机备份,创建云主机精简制备,扩容云主机,创建数据云盘,加载数据云盘,创建云主机网络随机,创建数据云盘精简制备,添加镜像,恢复云盘备份,恢复镜像,彻底删除镜像,创建云盘备份,删除云主机,扩容云主机,加载数据云盘,删除数据云盘,创建云主机cpu随机,添加镜像,彻底删除数据云盘,删除云主机,创建整机备份,创建云主机镜像,删除镜像,删除云盘备份,添加镜像,卸载数据云盘