创建云主机,加载数据云盘,加载数据云盘,加载数据云盘,创建整机快照,迁移云主机带云盘,创建云盘快照,创建整机快照,更换云主机镜像,创建整机快照,恢复根云盘快照,迁移数据云盘,存储迁移云主机,删除整机快照
创建云主机,加载数据云盘,加载数据云盘,加载数据云盘,创建整机快照,更换云主机镜像,删除数据云盘,创建整机快照,存储迁移云主机,创建整机快照,重启云主机,创建云盘快照,扩容云主机,删除整机快照
创建云主机,加载数据云盘,加载数据云盘,加载数据云盘,创建整机快照,存储迁移云主机,恢复云盘快照,创建整机快照,克隆整机,创建整机快照,迁移云主机带云盘,删除数据云盘,创建根云盘快照,删除整机快照
创建云主机,加载数据云盘,加载数据云盘,加载数据云盘,创建整机快照,重启云主机,创建云盘备份,创建整机快照,批量删除快照,创建整机快照,克隆整机,加载数据云盘,重置云主机,删除整机快照
创建云主机,加载数据云盘,加载数据云盘,加载数据云盘,创建整机快照,迁移云主机带云盘,扩容数据云盘,创建整机快照,重置云主机,创建整机快照,更换云主机镜像,删除根云盘快照,恢复根云盘快照,删除整机快照
创建云主机,加载数据云盘,加载数据云盘,加载数据云盘,创建整机快照,恢复根云盘快照,创建云盘镜像,创建整机快照,克隆云主机,创建整机快照,创建根云盘备份,恢复云盘备份,创建整机备份,删除整机快照
创建云主机,加载数据云盘,加载数据云盘,加载数据云盘,创建整机快照,创建根云盘备份,卸载数据云盘,创建整机快照,创建根云盘快照,创建整机快照,创建云主机镜像,恢复云盘快照,重启云主机,删除整机快照
创建云主机,加载数据云盘,加载数据云盘,加载数据云盘,创建整机快照,克隆云主机,恢复云盘备份,创建整机快照,删除整机快照,创建整机快照,克隆整机,删除根云盘快照,更换云主机镜像,删除整机快照
创建云主机,加载数据云盘,加载数据云盘,加载数据云盘,创建整机快照,创建云主机镜像,恢复云盘快照,创建整机快照,创建整机备份,创建整机快照,创建整机备份,删除根云盘快照,迁移云主机带云盘,删除整机快照
创建云主机,加载数据云盘,加载数据云盘,加载数据云盘,创建整机快照,扩容云主机,加载数据云盘,创建整机快照,创建云主机镜像,创建整机快照,创建根云盘备份,卸载数据云盘,恢复根云盘快照,删除整机快照
创建云主机,加载数据云盘,加载数据云盘,加载数据云盘,创建整机快照,创建根云盘备份,创建云盘镜像,创建整机快照,创建云主机镜像,创建整机快照,批量删除快照,创建云盘镜像,创建云主机镜像,删除整机快照
创建云主机,加载数据云盘,加载数据云盘,加载数据云盘,创建整机快照,更换云主机镜像,创建云盘备份,创建整机快照,恢复根云盘快照,创建整机快照,删除整机快照,创建云盘备份,存储迁移云主机,删除整机快照
创建云主机,加载数据云盘,加载数据云盘,加载数据云盘,创建整机快照,创建根云盘快照,创建云盘备份,创建整机快照,创建云主机镜像,创建整机快照,克隆云主机,删除云盘快照,更换云主机镜像,删除整机快照
创建云主机,加载数据云盘,加载数据云盘,加载数据云盘,创建整机快照,克隆整机,迁移数据云盘,创建整机快照,扩容云主机,创建整机快照,迁移云主机带云盘,创建云盘快照,批量删除快照,删除整机快照
创建云主机,加载数据云盘,加载数据云盘,加载数据云盘,创建整机快照,扩容云主机,恢复云盘备份,创建整机快照,重启云主机,创建整机快照,创建根云盘快照,扩容数据云盘,删除整机快照,删除整机快照
创建云主机,加载数据云盘,加载数据云盘,加载数据云盘,创建整机快照,创建整机备份,删除数据云盘,创建整机快照,迁移云主机带云盘,创建整机快照,创建整机备份,恢复云盘备份,创建根云盘快照,删除整机快照
创建云主机,加载数据云盘,加载数据云盘,加载数据云盘,创建整机快照,重置云主机,扩容数据云盘,创建整机快照,创建云主机镜像,创建整机快照,扩容云主机,加载数据云盘,批量删除快照,删除整机快照
创建云主机,加载数据云盘,加载数据云盘,加载数据云盘,创建整机快照,扩容云主机,删除数据云盘,创建整机快照,创建根云盘备份,创建整机快照,批量删除快照,删除云盘快照,克隆云主机,删除整机快照
创建云主机,加载数据云盘,加载数据云盘,加载数据云盘,创建整机快照,克隆云主机,创建云盘镜像,创建整机快照,扩容云主机,创建整机快照,恢复根云盘快照,卸载数据云盘,创建根云盘备份,删除整机快照
创建云主机,加载数据云盘,加载数据云盘,加载数据云盘,创建整机快照,克隆云主机,卸载数据云盘,创建整机快照,存储迁移云主机,创建整机快照,存储迁移云主机,加载数据云盘,创建整机备份,删除整机快照
创建云主机,加载数据云盘,加载数据云盘,加载数据云盘,创建整机快照,创建整机备份,创建云盘快照,创建整机快照,克隆整机,创建整机快照,重置云主机,扩容数据云盘,创建根云盘备份,删除整机快照
创建云主机,加载数据云盘,加载数据云盘,加载数据云盘,创建整机快照,恢复根云盘快照,迁移数据云盘,创建整机快照,创建整机备份,创建整机快照,克隆整机,创建云盘镜像,克隆整机,删除整机快照
创建云主机,加载数据云盘,加载数据云盘,加载数据云盘,创建整机快照,扩容云主机,卸载数据云盘,创建整机快照,删除整机快照,创建整机快照,克隆云主机,创建云盘备份,迁移云主机带云盘,删除整机快照
创建云主机,加载数据云盘,加载数据云盘,加载数据云盘,创建整机快照,重启云主机,扩容数据云盘,创建整机快照,重置云主机,创建整机快照,创建整机备份,创建云盘备份,删除整机快照,删除整机快照
创建云主机,加载数据云盘,加载数据云盘,加载数据云盘,创建整机快照,扩容云主机,迁移数据云盘,创建整机快照,存储迁移云主机,创建整机快照,删除整机快照,创建云盘镜像,创建根云盘快照,删除整机快照
创建云主机,加载数据云盘,加载数据云盘,加载数据云盘,创建整机快照,重置云主机,恢复云盘快照,创建整机快照,存储迁移云主机,创建整机快照,克隆整机,恢复云盘备份,创建根云盘备份,删除整机快照
创建云主机,加载数据云盘,加载数据云盘,加载数据云盘,创建整机快照,重启云主机,卸载数据云盘,创建整机快照,重启云主机,创建整机快照,扩容云主机,创建云盘镜像,迁移云主机带云盘,删除整机快照
创建云主机,加载数据云盘,加载数据云盘,加载数据云盘,创建整机快照,重置云主机,迁移数据云盘,创建整机快照,迁移云主机带云盘,创建整机快照,重启云主机,扩容数据云盘,重启云主机,删除整机快照
创建云主机,加载数据云盘,加载数据云盘,加载数据云盘,创建整机快照,存储迁移云主机,恢复云盘备份,创建整机快照,重置云主机,创建整机快照,删除整机快照,删除云盘快照,创建整机备份,删除整机快照
创建云主机,加载数据云盘,加载数据云盘,加载数据云盘,创建整机快照,更换云主机镜像,卸载数据云盘,创建整机快照,克隆云主机,创建整机快照,批量删除快照,恢复云盘备份,迁移云主机带云盘,删除整机快照
创建云主机,加载数据云盘,加载数据云盘,加载数据云盘,创建整机快照,创建根云盘快照,恢复云盘快照,创建整机快照,批量删除快照,创建整机快照,扩容云主机,恢复云盘备份,克隆整机,删除整机快照
创建云主机,加载数据云盘,加载数据云盘,加载数据云盘,创建整机快照,创建云主机镜像,删除数据云盘,创建整机快照,创建根云盘备份,创建整机快照,创建整机备份,加载数据云盘,更换云主机镜像,删除整机快照
创建云主机,加载数据云盘,加载数据云盘,加载数据云盘,创建整机快照,迁移云主机带云盘,加载数据云盘,创建整机快照,迁移云主机带云盘,创建整机快照,创建根云盘备份,删除数据云盘,扩容云主机,删除整机快照
创建云主机,加载数据云盘,加载数据云盘,加载数据云盘,创建整机快照,重置云主机,创建云盘快照,创建整机快照,重启云主机,创建整机快照,删除整机快照,卸载数据云盘,创建云主机镜像,删除整机快照
创建云主机,加载数据云盘,加载数据云盘,加载数据云盘,创建整机快照,重置云主机,卸载数据云盘,创建整机快照,恢复根云盘快照,创建整机快照,创建整机备份,迁移数据云盘,创建根云盘备份,删除整机快照
创建云主机,加载数据云盘,加载数据云盘,加载数据云盘,创建整机快照,存储迁移云主机,卸载数据云盘,创建整机快照,创建根云盘备份,创建整机快照,存储迁移云主机,卸载数据云盘,存储迁移云主机,删除整机快照
创建云主机,加载数据云盘,加载数据云盘,加载数据云盘,创建整机快照,恢复根云盘快照,卸载数据云盘,创建整机快照,扩容云主机,创建整机快照,创建云主机镜像,创建云盘镜像,存储迁移云主机,删除整机快照
创建云主机,加载数据云盘,加载数据云盘,加载数据云盘,创建整机快照,克隆云主机,创建云盘快照,创建整机快照,重启云主机,创建整机快照,更换云主机镜像,删除云盘快照,扩容云主机,删除整机快照
创建云主机,加载数据云盘,加载数据云盘,加载数据云盘,创建整机快照,克隆整机,扩容数据云盘,创建整机快照,创建根云盘快照,创建整机快照,克隆整机,迁移数据云盘,创建整机备份,删除整机快照
创建云主机,加载数据云盘,加载数据云盘,加载数据云盘,创建整机快照,克隆整机,恢复云盘备份,创建整机快照,存储迁移云主机,创建整机快照,扩容云主机,创建云盘备份,重启云主机,删除整机快照
创建云主机,加载数据云盘,加载数据云盘,加载数据云盘,创建整机快照,创建根云盘备份,加载数据云盘,创建整机快照,重启云主机,创建整机快照,创建根云盘快照,创建云盘快照,克隆整机,删除整机快照
创建云主机,加载数据云盘,加载数据云盘,加载数据云盘,创建整机快照,重启云主机,卸载数据云盘,创建整机快照,迁移云主机带云盘,创建整机快照,迁移云主机带云盘,创建云盘镜像,创建整机备份,删除整机快照
创建云主机,加载数据云盘,加载数据云盘,加载数据云盘,创建整机快照,克隆整机,创建云盘备份,创建整机快照,恢复根云盘快照,创建整机快照,克隆整机,创建云盘镜像,迁移云主机带云盘,删除整机快照
创建云主机,加载数据云盘,加载数据云盘,加载数据云盘,创建整机快照,克隆整机,创建云盘备份,创建整机快照,克隆云主机,创建整机快照,创建根云盘快照,扩容数据云盘,更换云主机镜像,删除整机快照
创建云主机,加载数据云盘,加载数据云盘,加载数据云盘,创建整机快照,重启云主机,卸载数据云盘,创建整机快照,创建整机备份,创建整机快照,更换云主机镜像,加载数据云盘,克隆云主机,删除整机快照
创建云主机,加载数据云盘,加载数据云盘,加载数据云盘,创建整机快照,存储迁移云主机,恢复云盘备份,创建整机快照,创建根云盘备份,创建整机快照,更换云主机镜像,创建云盘备份,批量删除快照,删除整机快照
创建云主机,加载数据云盘,加载数据云盘,加载数据云盘,创建整机快照,创建云主机镜像,卸载数据云盘,创建整机快照,克隆云主机,创建整机快照,创建云主机镜像,删除数据云盘,批量删除快照,删除整机快照
创建云主机,加载数据云盘,加载数据云盘,加载数据云盘,创建整机快照,迁移云主机带云盘,加载数据云盘,创建整机快照,迁移云主机带云盘,创建整机快照,创建云主机镜像,删除云盘快照,克隆云主机,删除整机快照
创建云主机,加载数据云盘,加载数据云盘,加载数据云盘,创建整机快照,创建整机备份,加载数据云盘,创建整机快照,重置云主机,创建整机快照,创建云主机镜像,卸载数据云盘,扩容云主机,删除整机快照
创建云主机,加载数据云盘,加载数据云盘,加载数据云盘,创建整机快照,创建整机备份,恢复云盘快照,创建整机快照,克隆云主机,创建整机快照,扩容云主机,删除根云盘快照,重置云主机,删除整机快照
创建云主机,加载数据云盘,加载数据云盘,加载数据云盘,创建整机快照,迁移云主机带云盘,迁移数据云盘,创建整机快照,批量删除快照,创建整机快照,更换云主机镜像,恢复云盘快照,创建云主机镜像,删除整机快照
创建云主机,加载数据云盘,加载数据云盘,加载数据云盘,创建整机快照,更换云主机镜像,扩容数据云盘,创建整机快照,删除整机快照,创建整机快照,迁移云主机带云盘,加载数据云盘,恢复根云盘快照,删除整机快照
创建云主机,加载数据云盘,加载数据云盘,加载数据云盘,创建整机快照,更换云主机镜像,扩容数据云盘,创建整机快照,克隆云主机,创建整机快照,恢复根云盘快照,创建云盘备份,创建整机备份,删除整机快照
创建云主机,加载数据云盘,加载数据云盘,加载数据云盘,创建整机快照,克隆云主机,加载数据云盘,创建整机快照,删除整机快照,创建整机快照,创建整机备份,创建云盘镜像,创建云主机镜像,删除整机快照
创建云主机,加载数据云盘,加载数据云盘,加载数据云盘,创建整机快照,更换云主机镜像,加载数据云盘,创建整机快照,创建根云盘备份,创建整机快照,存储迁移云主机,删除数据云盘,更换云主机镜像,删除整机快照
创建云主机,加载数据云盘,加载数据云盘,加载数据云盘,创建整机快照,创建根云盘快照,创建云盘备份,创建整机快照,重启云主机,创建整机快照,批量删除快照,删除根云盘快照,创建整机备份,删除整机快照
创建云主机,加载数据云盘,加载数据云盘,加载数据云盘,创建整机快照,扩容云主机,恢复云盘快照,创建整机快照,扩容云主机,创建整机快照,批量删除快照,删除根云盘快照,批量删除快照,删除整机快照
创建云主机,加载数据云盘,加载数据云盘,加载数据云盘,创建整机快照,重置云主机,扩容数据云盘,创建整机快照,存储迁移云主机,创建整机快照,恢复根云盘快照,加载数据云盘,恢复根云盘快照,删除整机快照
创建云主机,加载数据云盘,加载数据云盘,加载数据云盘,创建整机快照,重启云主机,迁移数据云盘,创建整机快照,克隆整机,创建整机快照,存储迁移云主机,删除数据云盘,创建整机备份,删除整机快照
创建云主机,加载数据云盘,加载数据云盘,加载数据云盘,创建整机快照,创建云主机镜像,创建云盘镜像,创建整机快照,创建整机备份,创建整机快照,更换云主机镜像,删除根云盘快照,创建云主机镜像,删除整机快照